{
  "answers": {
      "phase": "requirements gathering",
      "action": "problem understanding",
      "scope": "frontend",
      "action experience": "none",
      "prog lang": "js",
      "other prog lang": "<fill in>",
      "tool": "chat gpt 3.x",
      "other tool": "<fill in>",
      "tool option": "free",
      "tool experience": "some",
      "time allocated (h)": "10",
      "time saved estimate (h)": "1", 
      "quality of ai help": "ready-to-use", 
      "generic feeling": "great in the future",
      "notes": "<fill in>"
  }
}