{
  "answers": {
      "phase": "architecture",
      "action": "architectural decision",
      "scope": "cli",
      "action experience": "none",
      "prog lang": "python",
      "other prog lang": "<fill in>",
      "tool": "chat gpt 3.x",
      "other tool": "<fill in>",
      "tool option": "free",
      "tool experience": "some",
      "time allocated (h)": "0.3",
      "time saved estimate (h)": "2", 
      "quality of ai help": "minor modifications needed",
      "generic feeling":"great in the future",
      "notes": "<fill in>"
  }
}