{
  "answers": {
      "phase": "design",
      "action": "problem understanding",
      "scope": "uml class",
      "action experience": "none",
      "prog lang": "n/a",
      "other prog lang": "<fill in>",
      "tool": "chat gpt 4.x",
      "other tool": "<fill in>",
      "tool option": "free",
      "tool experience": "some",
      "time allocated (h)": "0.5",
      "time saved estimate (h)": "4", 
      "quality of ai help": "minor modifications needed",
      "generic feeling":"great in the future",
      "notes": "<fill in>"
  }
}