{
    "answers": {
        "phase": "requirements specification",
        "action": "use case specification",
        "scope": "documentation (text)",
        "action experience": "fair",
        "prog lang": "n/a",
        "other prog lang": "<fill in>",
        "tool": "chat gpt 3.x",
        "other tool": "<fill in>",
        "tool option": "free",
        "tool experience": "some",
        "time allocated (h)": "4",
        "time saved estimate (h)": "2", 
        "quality of ai help": "major modifications needed",
        "generic feeling": "great in the future",
        "notes": "<fill in>"
    }
}