{
    "answers": {
        "phase": "requirements gathering",
        "action": "stakeholder statement",
        "scope": "uml other", 
        "action experience":  "little", 
        "prog lang": "n/a", 
        "other prog lang": "<fill in>",
        "tool": "chat gpt 3.x", 
        "other tool": "<fill in>",
        "tool option": "free",
        "tool experience": "some", 
        "time allocated (h)": "2",
        "time saved estimate (h)": "1", 
        "quality of ai help": "minor modifications needed",
        "generic feeling": "great in the future",
        "notes": "for use case diagram"
    }
}